time,D1,D2,D3,D4,D5,D6,D7,D8,D9,D10,D11,D12,D13,D14,D15,D16,D17
OTU1,1,6.6,17,8.6,4.4,5.4,4.4,0.2,2.2,4.4,3,5,18.8,8.2,3.8,0.6,1.2
OTU2,0,1.6,0,0.4,3.6,2.8,4.6,5.8,8.8,7.4,9.4,2.4,0.8,5.4,4.8,8.4,5.2
OTU3,0,0.4,0,0.2,1.6,4.2,3.6,7,7.6,6,7.2,1.6,0.8,3.8,6.4,4.2,4.8
OTU4,0.4,2,5.8,3.8,2.2,2.6,1.8,0,0.8,2.6,0.8,4,13.2,5.8,3.2,1,1.8
OTU5,0.6,2.6,7.4,2.6,3.2,2.6,2.2,0,2.2,2.4,0.2,2.8,9,1.4,1.8,1,0.8
OTU6,0,0,10.6,14.4,5.6,3.4,0.2,0,0.4,0,0,0.2,3.4,1.6,0,0.2,0.4
OTU7,0,0,0,0,1.8,2,2.6,5.4,2.4,4.6,7.4,1.4,0.4,1.8,1.8,2,2
OTU8,0,0.4,0,0,2.6,1.6,2.2,4.4,5,4,4.4,1.6,0.6,1.2,2.8,2.2,2.8
OTU9,29.8,0,0,0.2,0,0,0,0,0,0,0,0.2,0,0,0,0.2,0
OTU10,0.2,4.6,1.2,2.6,5.6,4.6,4.6,2,0.8,0.2,1.2,1.8,0,0,0.8,0,0
OTU11,0.2,2,5,4,1.8,2,1,0,1,0.6,1,2.2,5.8,1.2,0.8,0.2,0.6
OTU12,0.4,0.8,4.2,2,1,1.2,1.4,0,0.8,1.4,1.2,2,4.4,2.4,1,0.2,0.6
OTU13,0,0.2,0,0,0.6,0.8,1.6,2.6,2.2,1.4,2.6,0.4,0.4,2.2,0.8,2.8,1.6
OTU14,0,0.4,0,0,0.6,1,2,2.4,2.4,1.4,2.6,1,0,2.2,0.8,1.2,1.6
OTU15,0.4,0,0,0,0,0,0,1.4,0.4,1.6,0.2,1,0,0,5.6,2.4,3.4
OTU16,0,0.2,0,0,0.8,1.2,0.8,2.6,2.2,1,2.4,1,0,1.2,1.8,2.8,1.6
OTU17,1.2,0,0,0,0,0,0,1.6,0.4,0.6,0.2,0.8,0,0,5.2,2.4,2.4
OTU18,2.8,2.6,0.4,1.2,0,0,0,0.2,0,0,0,0.2,3.4,7.2,0.4,0.2,0
OTU19,0,0,0,0,1.4,0.8,1,2.2,2.8,3.6,2.4,0.6,0.2,1,0.8,1,0.4
OTU20,0,0.8,0,0,0.8,1.2,1.2,1.4,1.8,1.8,1.4,0.4,0.4,0.6,1,1.8,2.4
OTU21,0,0.4,0,0,0.4,0.8,1,1.8,1.2,1.4,1.6,0.4,0.2,0.2,2,3.2,1.8
OTU22,0,0.4,0,0,1.2,0.8,0.6,1,1.8,2.4,2.2,0.6,0.2,0.6,1.8,1.2,2.4
OTU23,0.8,0,0,0,0,0,0.2,2.4,0,0.6,0,0.4,0,0.2,2.4,2.2,3.2
OTU24,0,0.2,0,0,0.4,1,1.2,1.6,2.6,2.6,3.2,0.8,0,0.8,0.8,0.6,1
OTU25,0,0,1.6,3.6,0,0,0,0,0,0,0.6,0,0.2,0,0,0,0
OTU26,0.4,0,0,0,0,0,0.4,0.8,0,0.6,0,0.6,0,0,2.6,1.4,2.6
OTU27,0,0.6,1.4,1.8,0.8,0.8,0.8,0,1,0.4,0.8,0.8,2.4,1.8,0.2,0.2,0.6
OTU28,0.8,0,0,0,0,0,0.2,0.8,0,0.6,0,1.2,0,0,3.6,2.8,1.4
OTU29,0,0,0,0,0.6,0.6,0.6,1.8,0.6,1.6,1,0.8,0,1,0.6,0.8,1.6
OTU30,0,0.2,0,0.2,1.4,0.8,0.6,1.6,2.8,1,0.8,0.4,0,0.8,0.6,0.6,0.6
OTU31,0,1.4,1.8,0.8,0.8,1.6,1,0.2,0.2,1,0.2,0.2,1.8,1,0,0.2,0
OTU32,1.2,0.6,0,0.4,0,0,0,0.2,0,0,0,0.2,3.2,5,0,0,0.8
OTU33,0,0.2,1,1.4,0.6,1.2,0.4,0,0.2,0,0.2,1,3.6,1.6,0.4,0.2,0.2
OTU34,0,0,0,0,0.6,1,1.2,0.4,2.2,0.8,1.6,1,0,0.6,0.6,0.6,0.4
OTU35,0,1,1.8,0.6,0.4,0.6,0.2,0,0.6,0.4,0.4,1,2,1.8,0.6,0,0
OTU36,0,0.2,0,0,0.6,0.4,1.2,1,1.6,0.8,1,0.6,0,1,0.4,1.4,0.8
OTU37,0,0,4.4,2.6,1.6,0.8,0.2,0,0,0,0.2,0,0.8,0.2,0,0.2,0.2
OTU38,0,0.2,0,0,0.2,0.2,0.6,0.6,2,1.6,0.8,0,0.2,0.4,0.8,1,1.4
OTU39,0,0.4,0,0,0.6,0.4,0.6,1.6,1.4,1,1,0.6,0,0.2,0.6,0.8,0.4
OTU40,0,0.4,0.8,0.8,0.4,0.6,0.4,0,0.6,1.2,0.4,0.4,2,1,0.2,0.6,0.4
OTU41,1.6,0.8,0,0.4,0,0,0,0,0,0,0,0,3,3.4,0,0,0
OTU42,0.2,0,0,0,0,0,0.2,0.4,0.4,0.2,0,0,0,0,0.4,0.8,1.8
OTU43,0,1,0,0,0.4,1,1.2,0.8,1,0.4,1.6,0,0,0.2,0.6,0.6,0.4
OTU44,0,0.2,0,0,0.2,0.8,0.4,1,0.2,0.8,0.4,0.4,0,0.8,1.2,0.2,1
OTU45,0,1.4,0.8,1.2,1.2,1.2,2,0.2,0.2,0.2,0,0.4,0,0.2,0,0,0
OTU46,0,0.6,1.6,0.8,0.2,0.4,0.2,0,0,0.4,0.4,0.2,2.8,0.4,0.2,0.4,0
OTU47,0,0.4,0,0,0.6,1.2,2.2,0.6,0.8,0.6,0.8,0.4,0.2,0.2,0,0.4,0
OTU48,0,0,0,0,0.6,0.4,0.6,1.6,1.4,0.8,0.2,0.2,0,0.4,0.4,0.8,1
OTU49,0,0,0.8,2.2,2,2.4,0,0,0,0,0,0.2,0.2,0.2,0,0,0.4
OTU51,0,0.8,0.6,1,0.8,0.6,0.6,0,0.6,0.4,0.4,0,0.8,1,0.2,0.2,0
OTU52,0,0.2,0,0,0.4,0.2,0.2,1.8,1.4,1.2,0.8,0,0.2,0.4,0.4,0.2,0
OTU53,0,3,0.4,0.4,0.2,0,0,0,0.4,0,0,1.4,0,0,0.4,0.2,0.8
OTU54,0,0,0.2,0.6,0,0,0,0.2,0,0,0,0,0,0,0,0,0
OTU55,0,0,0,0,0.8,0.6,0.6,0.8,0.4,0.2,1.2,0.6,0,0.2,0.2,0.4,0.8
OTU56,0,0,0,0,0,0.6,0,1,0.4,0.4,0.2,0.4,0,0,1,1,1
OTU57,0.2,0.4,0.6,1.4,0.4,0.6,1,0,0,0.2,0,0,0,0.4,0,0.2,0.2
OTU58,0,0.8,0.6,0.4,1,1.4,1,0.6,0,0,0.6,0.2,0,0,0.2,0,0
OTU59,0,0,0,0,0.8,1.8,0,1,0,0.4,0.6,0,0.4,0.6,0.2,0.6,0.2
OTU60,0,0.2,0,0,0.8,0.2,1.2,0.6,0.8,0.8,0.4,0,0,0.8,0,0.4,0.2
OTU61,0,0.4,0,0,0.4,0.6,0.6,0,0.4,0.4,1,0,0.2,0.2,0.2,0.2,0
OTU62,0,0,0.4,3,0.8,1.4,0,0,0,0,0,0.2,0.4,0,0,0,0
OTU63,0,0,0,0,0.2,0.2,0.2,0.6,0.6,1.2,0.8,0.2,0,0.2,0.4,0.2,0.4
OTU64,0.6,0,0,0,0,0,0.2,0,0,0,0,0.4,0,0,1.2,1,0.8
OTU65,0,0,0,0,0.6,0.4,0.8,1.2,0.6,0,0.2,0.8,0,0,0.4,0.2,0.2
OTU67,0,0.2,0,0,0.6,0.6,0.4,0.2,0.8,0.2,1.2,0,0,0.4,0.4,0.6,0
OTU68,0,0,0,0,0.4,0,0.2,0.6,0.6,0.6,0.2,0,0,0,0,0.8,1
OTU69,0,0.4,0,0,0.2,0.6,1.8,0.2,0.8,0.2,0.4,0,0.2,0.2,0.4,0.2,0
OTU70,0,0,0,0,0.6,0.4,0.2,0.2,0.6,0.8,1.2,0.2,0,0.2,0.2,0.4,0.6
OTU71,0,0,0,0,0.6,0.4,0.6,0.4,0.4,0.8,0.8,0,0,0.4,0,0.4,0.2
OTU72,0,1.8,0,0.2,0,0,0,0,0,0,0,0.4,0.2,0,0.6,0.4,0.8
OTU73,0,0.4,1.2,0.4,0.2,0.8,0,0,0.4,0.4,0,0,0.8,0.4,0.2,0,0
OTU74,0,0.2,0,0,0.2,0.4,0.2,0.2,0.6,0.6,1,0,0,0.2,0.2,0.4,0.4
OTU75,0.2,0,0.8,0.4,0.2,0.2,0.6,0,0,0.4,0.6,0.2,0,0.2,0.4,0,0.4
OTU77,0,0.6,0.8,0.6,1.4,0.6,0.6,0,0.4,0,0,0,0,0,0,0,0
OTU78,0,0,0,0,0,0,0,0,0.4,0.2,0,0,0,0,0,1.4,0.6
OTU79,0,0,0,0,0,0.2,0.2,0.6,0.6,0.4,1.2,0,0,0.2,0.2,0.4,0.6
OTU80,1,0.2,0.2,0.2,0,0,0,0,0.2,0,0,0.2,0.8,1.4,0,0,0
OTU81,1.6,2,0,0,0,0,0,0.4,0,0,0,0.2,0.4,0,0,0,0
OTU82,0,0,0,0,0.2,0,0,0.6,0,1,0.4,0.2,0.2,0.6,0.2,0.2,0.2
OTU83,0.2,0,0.8,0.6,0.4,1,0.4,0,0,0.4,0,0.4,0.4,0,0,0,0
OTU84,0,0.2,0,0,0.6,0,0.4,0.2,0.6,0.8,1,0,0,0.2,0.2,0.2,0
OTU85,0,0.4,0.6,0.6,0.4,0.6,0.2,0,0,0.2,0.2,0.2,0.2,0.2,0.2,0.2,0.2
OTU86,0,0,0,0,0.4,0,0.6,0.2,0.2,0.4,0,0.4,0,0.2,0.6,0.2,0
OTU87,0,1,0.2,0.2,0.6,0.4,1.6,0,0,0,0,0,0,0,0,0,0
OTU88,0.4,0.2,0.4,0.4,0.2,0,1.2,0,0,0,0.2,0,0.2,0,0,0,0.2
OTU89,0,1.2,0.2,0.4,0.4,0.4,0.4,0.2,0,0,0,0.2,0,0.2,0.4,0,0
OTU90,0,0,0.8,0.8,0,0,0,0.2,0,0.2,0,0,0,0,0,0,0
OTU91,0,0.2,0,0,0.2,0,0.2,0.4,0.4,0.4,0.2,0,0,0.2,0.4,0.8,0.2
OTU92,0,1.4,0,0,0,0.2,0,0.2,0.2,0,0,0.2,0,0.2,0.4,0.2,0
OTU93,0,0,0.4,0.4,1,1.2,0.2,0,0.2,0,0,0.4,0,0.2,0,0,0
OTU94,0,0.2,0,0,0,0,0.2,0.6,0,0.2,0,0.2,0,0,0.4,0.8,0.4
OTU95,0,3.4,0,0,0,0,0.4,0,0,0,0,0,0,0,0,0,0
OTU96,0,0.6,0.2,0.4,0.4,0.2,1.4,0,0,0,0.2,0.2,0,0,0.2,0,0
OTU97,0,0,0.2,0.6,0.6,1.6,0,0,0,0,0,0,0.4,0,0,0,0.2
OTU99,0,0,0.4,1.8,0.6,0.4,0,0,0,0,0,0,0.2,0,0,0,0
OTU100,2,1,0,0.2,0,0,0.2,0,0,0,0.2,0,0,0,0,0,0
OTU101,0,0,0,0,0,0,0,0,0.4,0.4,0.2,0,0.2,0.2,1,0.4,0
OTU102,0,0,0,0,0,0,0.6,0.4,0,0.2,0.4,0.2,0,0,0.6,0.8,0.2
OTU103,0,0,0.8,0.4,0.8,0.6,0,0,0,0,0,0,0.6,0.2,0,0.2,0
OTU104,0,0.8,0.4,0.4,0,0,0,0,0,0.2,0,0.2,0.2,0,0,0.2,0.2
OTU105,0.6,0,0,0,0,0,0,0.4,0,0,0,0.2,0,0,0.6,0.6,0.4
OTU106,0,0.2,0,0,0.2,0.4,0.2,0.2,0.2,0.2,0.6,0.2,0,0.2,0.4,0.2,0.2
OTU107,0,0.6,0,0.4,0,0,0,0,0,0.2,0.2,0.4,0,0.2,0.2,0,0.2
OTU108,0,0.2,0.4,0,0.8,0.2,0.6,0.6,0.2,0,0.2,0,0,0,0.2,0,0
OTU109,0,0.8,0,0,0.6,0.4,0.4,0.2,0.2,0,0.2,0.6,0,0,0,0,0
OTU110,0,0,0,0,0.2,0.4,0.2,0.4,0,0.2,0,0,0,0.6,0.4,0,0
OTU111,0,0,0,0,0,0,0,0,0,0,0,0,0,0,0,0.6,1
OTU112,0.4,0.4,0.4,0,0.2,0,0,0,0,0.2,0,0.6,0.2,0.2,0.2,0,0.2
OTU113,0,0,1,0.6,0.6,0.4,0,0,0,0,0,0.2,0.2,0,0,0,0
OTU114,0,0,0.2,0,0,0,0,0,0.2,0,0,0.4,0,0,0,0.4,0.2
OTU115,0,0.2,0.8,2,0.2,0,0,0,0,0,0,0,0,0,0,0,0
OTU116,0,0,0,0,0,0,0.2,0.6,0.2,0.4,0,0.2,0,0,0.6,0,0
OTU117,0,0.4,0,0,0,0,0.2,0,0.4,0.4,0,0,0,0,0.2,0,0.4
OTU118,0,0,0.2,0.2,0.2,0,0,0.2,0,0,0.2,0.6,0,0,0,0,0.4
OTU119,0,0.6,0,1.2,0,0.6,0.2,0,0,0,0,0.2,0,0,0.2,0,0
OTU120,0,0.2,0.8,0.4,0,0.4,0,0,0.2,0.2,0.2,0.2,0.2,0.2,0,0,0
OTU121,0.2,0,0,0,0,0,0,0,0,0,0,0.2,0,0,0.6,0.4,0.2
OTU122,0,0,0,0,0,0,0,0,0,0.6,0.2,0,0,0,0.2,0.4,0.6
OTU123,0,0,0,0,0,0,0.2,0.4,0.6,0.4,0,0,0.2,0.2,0.2,0,0.6
OTU124,0,0,0,0,0.2,0.2,0.2,0.2,0.2,0.2,0,0.4,0,0,0.2,0.2,0.2
OTU125,0.2,0,0,0,0,0,0,0.2,0,0,0,0,0,0,0.4,0.8,0.2
OTU126,0,0,0,0,0,0,0,0.4,0,0.4,0,0,0,0,0.8,0.6,0.4
OTU127,0,0,0,0,0,0,0,0.2,0,0,0,0,0,0,0,0.6,0.2
OTU128,0.2,0,0,0,0,0,0,0.6,0,0,0,0.4,0,0.2,0,0,0.4
OTU129,1,1.6,0,0,0,0,0,0.2,0,0,0,0,0,0,0,0,0
OTU130,0,0.2,0,0,0.8,0.4,0.4,0.2,0,0.4,0.4,0,0,0,0,0,0
OTU131,0,0,0,0,0,0,0,0.2,0.4,0,0,0,0,0,0,0.6,0.4
OTU132,0,0.8,0.4,0.4,0.2,0,0.2,0,0,0,0,0,0,0.2,0.4,0,0
OTU133,1,0,0,0,0,0,0,0,0,0.2,0,0.2,0,0.2,0,0,0
OTU134,0,0,0,0,0.4,0.4,0.2,0.4,0.2,0.4,0,0,0,0.2,0,0.2,0
OTU135,0.4,0.4,0,0,0,0.2,0.4,0,0.2,0,0,0.2,0,0,0.4,0.2,0
OTU136,0,0,0,0.2,0.4,0,0.4,0.4,0,0.2,0,0,0,0.2,0.2,0,0.6
OTU137,0,0,0,0,0,0.2,0,0.2,0,0.2,0.2,0.2,0,0.4,0,0.4,0.6
OTU138,0,0,0.8,0.4,0.2,0.2,0,0,0,0,0,0,1,0,0,0,0
OTU139,0,0,0,0,0,0,0.6,1.4,0.2,0,0,0.2,0,0,0.2,0,0
OTU140,0,0,0,0,0,0,0,0.2,0,0.2,0,0.2,0,0,0.6,0.2,0.4
OTU141,0,0,0,0,0,0,0,0,0.2,0,0,0,0,0,0,0.4,0.2
OTU142,0,0,0.2,0,0,0,0,0,0.2,0.2,0,0.6,0,0,0,0,0.2
OTU143,0,0,0.2,0.2,0,0.4,0,0,0,0.4,0,0,0.2,0.2,0.4,0,0
OTU147,0,0,0,0,0.4,0.2,0.2,0,0,0.4,0.2,0.2,0,0.2,0.2,0,0.2
OTU148,0,0.4,0,0,0,0.2,0,0,0,0.2,0.2,0.6,0,0.6,0,0,0
OTU149,0,2.2,0,0,0,0,0,0,0,0,0,0.2,0,0,0,0,0
OTU150,0,0,0,0,0,0,0.2,0,0.2,0,0.2,0,0.2,1,0,0.4,0
OTU151,0,0.2,0,0,0.2,0,0,0.2,0.2,0.2,0.6,0,0,0.4,0,0,0.2
OTU152,0,0.2,0.4,0.2,0.2,0,0.4,0,0,0.2,0.2,0.2,0.2,0,0.2,0,0
OTU153,0,0,0,0,0,0,0,0.2,0,0,0,0,0,0,0.6,0.4,0.2
OTU154,1,0.4,0.2,0.2,0,0,0,0,0,0,0,0,0,0,0,0.2,0.2
OTU155,0,0,0,0,0,0,0,0.2,0,0,0,0.2,0,0,0,0,0.8
OTU156,0,0,0.2,0,0,0,0,0,0.2,0,0,0.4,0,0.2,0,0,0.2
OTU157,0,0,0,0,0,0.2,0,0,0,0,0,0.4,0.4,0.2,0.2,0,0.6
OTU158,0,0,0,0,0.2,0.2,0.4,0.2,0.4,0.2,0.2,0.2,0,0,0,0.2,0
OTU160,0,0,0,0,0,0,0,0.2,0,0,0,0,0,0,0.4,0.4,0
OTU161,0,0,0,0.2,0.4,0.2,0.4,0,0,0.2,0.4,0,0,0,0.2,0.2,0
OTU162,0,0.8,0,0,0,0.4,0,0,0,0,0.2,0.4,0,0,0,0,0.2
OTU164,0,0.2,0.4,0.2,0,0,0.2,0,0,0.4,0,0.2,0.4,0.2,0,0,0
OTU165,0,0.2,0,0,0.2,1,0.4,0.2,0,0,0,0,0.2,0,0,0,0
OTU166,0,0,0,0,0,0,0.2,0.4,0.2,0,0.2,0,0,0,0,0.8,0.4
OTU168,0,0.2,0,0,0.2,0.2,0.2,0.2,0,0,0,0,0,0,0.2,0.6,0.2
OTU169,0,1.6,0,0,0,0,0.2,0.4,0,0,0,0,0,0,0,0,0
OTU170,0,0,0,0,0,0,0,0.4,0.2,0.2,0,0.2,0,0,0,0.4,0.2
OTU171,0,0,0.4,0.4,0,0,0,0,0,0,0.2,0,0.2,0,0,0,0
OTU173,0,0.8,0,0.2,0,0.6,0.2,0.2,0,0,0,0,0,0,0,0,0
OTU175,0.4,1.2,0,0,0,0,0,0,0,0,0,0,0.2,0.2,0,0,0
OTU176,0,0,0.6,0.6,0.2,0.4,0,0,0,0,0,0,0,0,0.2,0,0
OTU177,0,0,0,0,0,0,0.8,0,0.4,0.4,0,0,0,0.4,0,0,0
OTU178,0,0.2,0.2,0,0,0,0,0,0,0,0,0.4,0,0,0.2,0,0.6
OTU179,1.6,0,0.2,0,0,0,0.2,0,0,0,0,0,0,0,0,0,0
OTU180,0,0,0,0,0.2,0,0,0,0.2,0,0.2,0.6,0,0,0,0.4,0.2
OTU181,0,0,0,0,0,0.4,0,0,0,0,0.4,0.4,0.2,0.2,0,0,0
OTU182,0.2,0,0,0,0,0,0,0,0,0,0,0.2,0,0,0,0,0
OTU183,0,0.6,0,0.2,0.2,0.2,0,0,0.2,0.2,0.2,0,0,0.2,0,0,0
OTU184,0,0,0,0,0.2,0,0.8,0.2,0,0,0,0.2,0,0,0.2,0.2,0
OTU189,0,0.2,0,0,0,0,0.4,0,0,0.4,0,0,0.2,0.2,0,0.2,0
OTU190,0,0.6,0,0,0.6,0.2,0.2,0,0,0,0.2,0,0,0,0,0,0
OTU191,0,0,0,0,0,0,0,0.4,0,0.4,0,0.2,0,0,0.2,0.4,0
OTU192,0,0,0,0,0,0.6,0,0,0,0,0,0.4,0,0,0,0,0
OTU193,0,0,0.2,1.4,0,0,0,0,0,0,0.2,0,0,0,0,0,0
OTU194,0,0.4,0.2,0.2,0,0.4,0,0,0,0,0,0.4,0,0,0.2,0,0
OTU195,1.6,0,0,0,0,0,0,0,0,0,0,0,0,0,0,0,0.2
OTU197,0.2,0,0.2,0.4,0,0,0,0,0,0,0,0.2,0,0.6,0,0,0
OTU198,0.4,0,0,0.2,0,0.2,0,0,0,0.2,0.2,0,0.2,0.4,0,0,0
OTU199,0,0.2,0,0.2,0.2,0.2,0.6,0.2,0.2,0,0,0,0,0,0,0,0
OTU202,0,0.2,0.2,0,0.2,0,0.4,0,0.2,0,0.4,0,0,0,0.2,0,0
OTU203,0,0,0,0,0.2,0,0,0.4,0.4,0.2,0.4,0,0,0,0,0.2,0
OTU204,0,0,0,0,0,0,0.6,0,0,0,0.4,0,0,0,0.4,0,0
OTU205,0,0.4,0,0.2,0,0,0.2,0,0,0,0.2,0.6,0,0,0,0.2,0
OTU206,0,0,0.4,0.2,0.8,0,0.4,0,0,0,0,0,0,0,0,0,0
OTU207,0,0,0.6,0,0,0.4,0,0,0,0,0,0.4,0,0,0,0.2,0
OTU208,0,0,0,0,0,0,0,0.2,0,0,0,0,0,0,0.6,0.4,0.2
OTU209,0,0,0.2,1.2,0,0,0,0,0,0,0,0.2,0,0,0,0,0
OTU211,0,0.2,0,0,0.4,0.4,0,0,0,0,0,0.4,0,0,0.2,0,0
OTU212,0,0,0,0,0,0,0,0,0,0,0,0.6,0,0,0,0,0.2
OTU213,0,0,0,0,0,0,0.2,0,0.2,0,0.4,0.2,0,0.2,0,0.2,0
OTU215,0,0,0,0,0,0,0.2,0.2,0,0.2,0,0.2,0,0.2,0.2,0.2,0
OTU216,0,0,0.6,0,0.2,0,0.6,0,0.2,0,0,0,0,0,0,0,0
OTU218,0,0,0,0,0.4,0,0,0,0.2,0.4,0,0,0,0,0.4,0,0
OTU221,0.2,0,0,0,0,0,0,0,0,0,0,0,0,0,0,0.2,0.4
OTU222,0,0,0.8,0.8,0,0,0,0,0,0,0,0,0,0,0,0,0
OTU223,0,0,0,0,0,0,0,0,0.2,0,0,0.6,0,0,0,0,0.2
OTU224,0,0,0.2,0,0,0,0,0,0,0,0,0.2,0,0,0,0.2,0.2
OTU225,1.4,0,0,0,0,0,0,0,0,0,0,0,0,0.2,0,0,0
OTU226,0,0,0.2,0.2,0.2,0.8,0,0,0,0,0,0,0,0,0,0,0
OTU227,0,0,0,0,0,0,0,0.4,0.2,0,0,0.4,0,0,0,0.2,0
OTU229,0,0.4,0.2,0,0,0.2,0.2,0,0,0,0.2,0.2,0,0,0,0,0
OTU230,0,0,0,0.2,0.6,0,0,0,0,0,0,0.6,0,0,0,0,0
OTU231,0,0,0,0,0,0,0.2,0,0,0,0,0,0,0,0,0.4,0.2
OTU233,0,0.4,0.2,0,0,0,0.2,0,0,0,0,0,0,0.6,0,0,0
OTU234,0,0,0.2,0.4,0.8,0,0,0,0,0,0,0,0,0,0,0,0
OTU235,0.6,0.6,0.2,0,0,0,0,0,0,0,0,0,0,0,0,0,0
OTU236,0,0,0,0,0.4,0,0,0,0,0.2,0.2,0.2,0,0,0,0.2,0
OTU237,0,0,0,0,0,0,0,0,0,0,0,0.4,0,0,0,0,0.6
OTU238,0,0,0,0,0.2,0,0,0,0.2,0.2,0.2,0.2,0,0,0,0.4,0
OTU239,0,0.4,0,0,0,0,0,0,0,0.2,0,0.2,0,0,0,0.2,0.2
OTU240,0,0,0,0,0,0,0,0,0,0,0,0.2,0,0,0,0,0.2
OTU241,0.2,0,0,0,0,0,0,0,0,0,0.6,0,0,0,0,0,0.2
OTU243,0,0,0,0,0,0,0,0.2,0,0.2,0,0.4,0,0,0.6,0,0
OTU244,0,0,0,0.2,0.2,0,0,0,0,0,0,0.6,0,0,0,0,0
OTU245,0,0,0,0.6,0,0.2,0.2,0,0.2,0,0.2,0,0,0,0,0,0
OTU246,0,0,0,0,0,0,0,0,0,0,0,0.2,0,0,0,0,0.4
OTU247,0,0,0,0,0,0,0.2,0,0.6,0,0,0.2,0,0,0,0,0.2
OTU249,1.2,0.2,0,0,0,0,0,0,0,0,0,0,0,0,0,0,0
OTU250,0,0,0,0,0,0,0,0,0,0,0,0.2,0,0,0,0.2,0
OTU251,0,0.2,0,0,0.2,0,0,0,0,0,0,0.2,0,0.2,0.2,0,0
OTU252,0,0,0,0,0,0.2,0,0.2,0,0.2,0,0,0,0,0.4,0.2,0
OTU254,0,0.2,0,0,0.4,0.2,0.2,0,0,0.2,0,0,0,0,0,0,0
OTU255,0,0.2,0,0,0,0.2,0.2,0,0,0,0,0,0,0.4,0,0,0
OTU256,0,0,0,0,0.2,0.2,0,0.4,0,0.2,0.2,0,0,0,0,0,0
OTU257,0,0,0,0,0.2,0,0,0.2,0,0,0,0,0,0.2,0.2,0.2,0.2
OTU259,0.2,0,0,0,0.2,0,0,0,0,0,0,0,0.6,0,0,0,0
OTU260,0,0,0,0,0,0,0.2,0,0,0,0,0.4,0,0,0,0,0
OTU261,0,0.8,0,0,0.2,0,0.2,0,0,0,0,0,0,0,0,0,0
OTU263,0,0,0,0,0,0,0,0.2,0,0,0,0,0,0,0,0.6,0.2
OTU264,0,0,0,0,0,0,0,0.2,0,0,0,0.4,0,0,0,0,0
OTU265,0,0,0,0,0,0.2,0,0,0.2,0,0,0,0,0,0.4,0,0
OTU266,0,0,0,0,0,0,0.2,0,0.2,0,0,0.4,0,0,0,0.2,0
OTU267,0,0.2,0,0.2,0.4,0.2,0.2,0,0,0,0,0,0,0,0,0,0
OTU269,0,0,0,0,0,0,0,0,0,0,0,0,0,0,0.2,0.2,0.4
OTU270,0,0,0,0,0,0,0,0,0.2,0,0.4,0,0,0,0.2,0,0.2
OTU271,0,0,0.6,0,0,0,0,0.2,0,0,0.2,0,0,0,0,0,0
OTU272,0,0.2,0,0,0.2,0,0,0,0,0.2,0,0,0,0,0,0,0.4
OTU273,0,0,0.2,0,0,0,0,0,0,0,0,0.2,0,0,0,0.2,0.2
OTU275,0,0,0,0,0.2,0.6,0,0,0,0,0,0,0.2,0,0,0,0.2
OTU276,0,0,0,0,0.2,0,0.2,0.2,0.2,0,0.2,0,0,0,0,0,0.2
OTU277,0,0.2,0,0,0.2,0.2,0.4,0,0,0.2,0,0,0,0,0,0,0
OTU278,0,0.2,0.2,0,0,0,0,0,0,0,0,0.4,0,0.4,0,0,0
OTU280,0,0,0,0.4,0,0,0,0,0,0,0,0.4,0,0,0.2,0,0
OTU281,0,0,0,0.2,0,0,0.2,0,0,0,0,0,0,0,0,0.2,0.2
OTU282,0,0,0,0,0,0,0,0,0,0,0,0,0,0,0,0.4,0.4
OTU284,0,0,0,0,0.2,0,0,0,0,0.2,0,0,0,0,0,0.2,0.4
OTU285,0,0,0,0,0,0,0,0,0,0,0,0.4,0,0.2,0,0,0
OTU287,0,0.6,0,0,0,0,0,0,0,0,0,0.2,0,0,0,0,0
OTU288,0.2,0,0,0.2,0,0,0,0,0,0,0.2,0,0,0,0,0,0.2
OTU289,0,0,0,0,0,0,0,0,0,0,0.2,0.2,0,0,0,0.2,0
OTU290,0,0.2,0,0,0.6,0,0,0,0.2,0,0,0,0,0,0,0,0
OTU291,0,0,0,0,0,0,0,0,0.2,0,0,0,0,0,0,0,0.4
OTU292,0,0,0,0,0,0,0,0,0,0.2,0,0,0,0,0,0.4,0
OTU293,0,0,0,0,0,0,0,0.2,0.2,0,0,0,0,0.2,0.2,0,0.2
OTU295,0,0,0,0,0,0,0,0,0.2,0.2,0,0.2,0,0,0.2,0,0
OTU296,0,0,0,0,0,0,0,0.2,0.2,0,0.2,0,0,0,0,0.4,0
OTU297,0,0,0,0,0,0,0,0,0,0.2,0,0.2,0,0,0,0.6,0
OTU298,0,0,0,0.2,0,0.2,0,0,0.2,0,0,0,0.2,0.2,0,0,0
OTU299,0,0.2,0.4,0,0,0,0.2,0,0,0,0,0,0,0.2,0,0,0
OTU300,0,0,0,0,0,0,0,0,0.2,0,0,0,0,0,0,0,0.2
OTU304,0,0,0,0.2,0,0,0,0,0,0,0.2,0.2,0,0,0,0,0
OTU305,0,0,0,0,0,0,0,0,0,0.2,0,0.2,0,0,0,0,0
OTU308,0,0,0,0,0.4,0,0,0,0,0,0.4,0,0,0,0,0,0
OTU309,0,0,0,0,0,0,0,0,0,0,0,0,0,0,0.4,0.6,0
OTU310,0,0,0,0,0,0,0,0,0,0.4,0.2,0.2,0,0,0,0.2,0
OTU311,0,0,0,0,0,0.2,0,0,0,0.2,0,0,0,0,0,0.2,0.4
OTU312,0,0,0,0.2,0,0,0,0,0.2,0,0,0.2,0,0,0,0,0.2
OTU313,0,0,0,0,0,0,0,0,0,0,0.2,0,0,0,0,0.2,0.4
OTU314,0,0,0,0,0,0,0,0,0.2,0,0,0.4,0,0,0,0,0.2
OTU315,0,0,0,0,0,0.2,0,0,0,0,0,0,0,0.6,0,0,0
OTU316,0,0.2,0,0,0,0,0,0,0,0,0,0,0,0,0.2,0,0.2
OTU317,0,0,0,0,0,0,0,0,0,0,0.2,0,0.2,0,0,0,0
OTU318,0,0,0,0.2,0,0.2,0.2,0.2,0.2,0,0,0,0,0,0,0,0
OTU319,0,0.4,0,0,0,0,0,0,0.2,0,0,0.2,0,0,0,0,0
OTU323,0,0.2,0.2,0,0,0,0,0,0,0,0,0.2,0,0,0,0,0
OTU324,0,0,0,0,0,0.4,0,0,0.2,0,0.2,0,0,0,0,0,0
OTU325,0,0,0,0,0,0,0,0.2,0,0,0,0,0,0,0.2,0.2,0.2
OTU326,0,0,0,0,0,0.2,0,0.2,0,0,0.2,0.2,0,0,0,0,0
OTU327,0,0.2,0,0,0,0.4,0.2,0,0,0,0,0,0,0,0,0,0
OTU329,0,0,0,0.2,0.2,0,0,0,0,0,0,0.2,0,0,0,0,0
OTU330,0,0,0,0,0,0,0,0,0,0,0,0.2,0,0,0.2,0.4,0
OTU331,0,0,0,0,0,0,0,0.2,0,0,0,0.2,0,0,0.2,0.2,0
OTU332,0.4,0.2,0,0,0,0,0,0,0,0,0,0,0,0,0,0,0
OTU333,0,0,0,0,0,0,0,0.4,0,0,0,0,0,0,0.2,0,0.2
OTU334,0,0,0,0,0,0,0,0,0,0,0.2,0.2,0,0.2,0,0,0
OTU335,0.6,0.2,0,0,0,0,0,0,0,0,0,0,0,0,0,0,0
OTU339,0,0,0.2,0.4,0,0,0,0,0,0,0,0,0,0,0,0,0
OTU341,0,0,0,0,0,0,0.2,0,0,0,0,0.4,0,0,0,0.2,0
OTU342,0,0,0,0,0,0,0,0,0,0,0,0.2,0,0,0.2,0,0.2
OTU343,0,0,0,0.2,0.2,0.2,0,0,0,0,0,0,0.2,0,0,0,0
OTU344,0,0.4,0,0,0,0,0,0,0,0,0,0.2,0,0,0,0,0
OTU345,0,0.2,0,0,0,0.2,0.4,0,0,0,0,0,0,0,0,0,0
OTU346,0,0,0,0.2,0,0.2,0.4,0,0,0,0,0,0,0,0,0,0
OTU347,0,0,0,0.4,0.2,0,0,0,0,0,0,0.2,0,0,0,0,0
OTU348,0,0,0,0,0,0,0,0,0.2,0,0,0,0,0,0,0.4,0.2
OTU349,0,0.2,0,0.2,0,0,0,0,0,0,0,0.4,0,0,0,0,0
OTU351,0,0,0,0,0,0,0,0,0,0,0,0.4,0,0,0,0,0.2
OTU352,0,0.4,0,0,0,0,0,0,0.2,0,0,0.2,0,0,0,0,0
OTU353,0,0,0.4,0.2,0.2,0,0,0,0,0,0,0,0,0,0,0,0
OTU354,0,0.2,0,0,0,0,0,0,0,0,0,0.2,0,0,0.2,0,0
OTU355,0,0,0,0.2,0,0,0.4,0,0,0.2,0,0,0,0,0,0,0
OTU356,0,0.4,0,0,0,0,0,0,0,0,0,0.2,0,0,0,0.2,0
OTU357,0,0.2,0,0,0,0,0,0,0,0,0,0.6,0,0,0,0,0
OTU358,0,0,0,0,0,0,0,0.4,0,0.2,0,0,0,0,0,0.2,0
OTU359,0,0,0,0,0.2,0.2,0,0,0.2,0,0,0,0,0,0.2,0,0
OTU360,0,0,0.2,0.4,0,0.2,0,0,0,0,0,0,0,0,0,0,0
OTU361,0,0,0,0,0,0.2,0,0,0.2,0,0,0,0,0,0.2,0,0.2
OTU362,0,0.2,0,0,0.2,0.2,0,0,0,0,0.2,0,0,0,0,0,0
OTU363,0,0,0,0,0,0.2,0,0,0,0,0.2,0,0,0,0.4,0,0
OTU364,0,0,0,0.2,0,0,0,0,0,0,0,0.2,0,0,0,0,0
OTU365,0,0,0,0,0.2,0,0,0,0,0.2,0,0,0,0,0.2,0,0
OTU366,0,0,0,0,0,0,0.4,0,0,0,0,0.2,0,0,0,0,0
OTU368,0,0,0,0,0,0.2,0,0,0,0,0,0.2,0,0,0,0,0
OTU369,0,0,0,0,0,0.2,0,0,0,0.2,0,0,0,0,0,0.2,0.2
OTU370,0,0.4,0,0,0,0,0,0,0,0,0,0,0,0,0,0.2,0
OTU373,0,0,0,0,0,0,0.2,0.2,0,0.2,0,0,0,0,0,0,0.2
OTU375,0,0.2,0.2,0,0,0,0,0,0,0,0,0,0,0,0.2,0,0
OTU377,0,0,0,0,0,0,0,0,0,0,0,0.4,0,0,0,0.2,0
OTU378,0,0,0,0,0,0.2,0,0.2,0,0,0,0,0,0,0,0.2,0.2
OTU381,0,0,0,0,0.2,0.2,0,0,0.2,0,0.2,0,0,0,0,0,0
OTU382,0,0,0,0.2,0,0,0,0,0,0,0,0,0.4,0,0,0,0
OTU383,0.4,0,0,0,0,0,0,0,0,0,0,0.2,0,0,0,0,0
OTU384,0,0,0.2,0,0,0,0.2,0,0,0,0,0,0.2,0,0,0,0
OTU385,0,0,0,0,0,0,0,0.2,0.2,0,0,0.2,0,0,0,0,0
OTU389,0,0.2,0,0,0,0,0,0,0.2,0,0,0,0,0,0,0,0.2
OTU390,0,0,0.2,0.4,0,0,0,0,0,0,0,0,0,0,0,0,0
OTU393,0,0,0,0,0,0,0.2,0,0.2,0,0,0,0,0,0,0,0
OTU394,0,0.2,0,0,0,0,0,0.2,0,0,0,0,0,0,0,0.2,0
OTU395,0,0,0,0,0.2,0.2,0,0,0,0,0.2,0,0,0,0,0,0
OTU396,0.2,0,0,0,0,0,0,0,0,0,0,0.4,0,0,0,0,0
OTU397,0,0,0,0,0.2,0,0,0,0,0.2,0,0,0,0.2,0,0,0
OTU398,0,0,0,0,0,0,0,0,0,0,0,0.2,0,0,0,0,0.2
OTU399,0,0,0,0,0,0,0,0,0.2,0,0,0.2,0,0,0,0,0
OTU400,0,0,0,0,0,0,0.2,0,0,0.2,0,0,0,0,0,0.2,0
OTU401,0.2,0,0,0,0,0,0,0,0,0,0,0,0,0,0,0,0.4
OTU404,0,0,0,0,0,0,0.2,0,0,0,0,0.2,0,0,0,0,0
OTU405,0,0,0,0,0,0,0.2,0,0,0,0.2,0,0,0,0,0.2,0
OTU411,0,0,0,0,0,0,0,0,0.4,0,0,0.2,0,0,0,0,0
OTU413,0,0,0,0,0,0,0,0,0,0,0,0.2,0,0,0,0,0.2
OTU414,0.4,0,0,0,0,0,0,0,0,0,0,0.2,0,0,0,0,0
OTU416,0,0,0,0,0,0,0,0,0.2,0,0,0,0,0,0,0.2,0.2
OTU418,0,0,0,0,0.2,0.2,0,0,0,0,0,0.2,0,0,0,0,0
OTU419,0,0,0,0,0,0,0,0,0,0,0,0.2,0,0,0,0,0.2
OTU420,0,0,0,0,0.2,0,0,0,0.2,0,0,0,0,0,0,0,0
OTU421,0,0,0,0,0.2,0,0.2,0,0,0,0,0,0,0.2,0,0,0
OTU422,0,0,0,0,0,0,0,0,0,0,0,0.2,0,0.2,0,0,0
OTU423,0,0.2,0,0.4,0,0,0,0,0,0,0,0,0,0,0,0,0
OTU424,0,0,0,0,0,0,0.2,0,0,0.2,0,0,0,0,0,0,0.2
OTU427,0,0.2,0.2,0,0.2,0,0,0,0,0,0,0,0,0,0,0,0
OTU429,0.2,0.4,0,0,0,0,0,0,0,0,0,0,0,0,0,0,0
OTU430,0,0,0,0,0,0,0,0,0,0,0,0,0.2,0.2,0.2,0,0
OTU432,0,0,0,0,0,0.4,0,0,0,0,0,0.2,0,0,0,0,0
OTU433,0,0.2,0,0.2,0,0,0,0,0.2,0,0,0,0,0,0,0,0
OTU435,0,0,0,0.2,0,0,0,0,0,0,0,0.2,0,0,0.2,0,0
OTU437,0,0.2,0,0,0.2,0,0.2,0,0,0,0,0,0,0,0,0,0
OTU438,0.4,0.2,0,0,0,0,0,0,0,0,0,0,0,0,0,0,0
OTU439,0,0,0,0,0,0,0.2,0,0,0,0.2,0,0,0,0,0.2,0
OTU441,0,0,0,0,0,0,0,0,0,0,0,0.2,0,0,0,0,0.2
OTU442,0,0,0,0.4,0,0,0.2,0,0,0,0,0,0,0,0,0,0
OTU444,0,0,0,0,0.2,0.2,0.2,0,0,0,0,0,0,0,0,0,0
OTU445,0.2,0,0.2,0,0,0,0,0,0,0,0,0,0,0,0,0,0
OTU447,0,0,0,0,0,0,0,0,0,0,0,0,0,0,0,0.2,0.2
OTU448,0,0,0,0,0,0,0,0,0,0,0,0.2,0,0,0,0,0.2
OTU449,0,0,0,0,0.2,0,0,0,0,0,0.2,0,0,0,0,0,0.2
OTU450,0,0,0,0.2,0,0,0,0,0,0,0,0,0,0,0,0.2,0
OTU451,0,0,0,0,0,0.2,0,0,0,0,0,0.4,0,0,0,0,0
OTU452,0,0,0,0,0,0,0.2,0,0,0,0.2,0,0,0,0.2,0,0
OTU453,0,0,0,0,0.2,0,0.2,0,0,0,0.2,0,0,0,0,0,0
OTU454,0,0,0,0,0,0,0,0,0.2,0,0.4,0,0,0,0,0,0
OTU457,0,0,0,0,0.2,0.2,0,0,0,0,0,0,0,0,0,0.2,0
OTU459,0,0,0,0,0.2,0,0,0.2,0,0,0,0,0,0,0,0,0
OTU466,0,0,0,0,0,0,0.2,0.2,0,0,0,0,0,0,0,0,0
OTU468,0.2,0,0,0,0,0,0,0,0,0,0,0,0,0,0.2,0,0
OTU470,0,0,0,0,0.2,0,0,0,0,0,0,0,0,0.2,0,0,0
OTU471,0,0,0,0,0,0.2,0,0,0,0,0,0,0,0.2,0,0,0
OTU472,0,0,0,0,0,0.2,0,0.2,0,0,0,0,0,0,0,0,0
OTU478,0,0,0,0,0.2,0,0,0,0,0,0,0,0,0,0.2,0,0
OTU480,0,0,0,0,0,0,0.2,0,0,0,0,0,0,0,0.2,0,0
OTU483,0,0,0,0,0,0,0,0.2,0,0,0,0.2,0,0,0,0,0
OTU484,0,0,0,0,0,0,0.2,0,0,0,0,0.2,0,0,0,0,0
OTU486,0,0.2,0,0,0,0,0,0,0,0,0,0,0,0.2,0,0,0
OTU488,0,0.2,0,0,0,0,0,0,0,0,0,0,0,0.2,0,0,0
OTU489,0,0,0.2,0,0,0,0,0,0,0.2,0,0,0,0,0,0,0
OTU490,0,0,0,0.2,0,0,0,0,0,0,0,0.2,0,0,0,0,0
OTU491,0,0.2,0.2,0,0,0,0,0,0,0,0,0,0,0,0,0,0
OTU492,0,0,0,0,0,0,0,0,0,0.2,0,0.2,0,0,0,0,0
OTU494,0,0.2,0,0,0,0.2,0,0,0,0,0,0,0,0,0,0,0
OTU495,0,0,0,0,0,0,0,0,0,0,0,0.2,0,0,0,0,0.2
OTU496,0,0,0,0,0.2,0,0,0,0,0,0,0,0,0,0,0.2,0
OTU498,0,0,0,0,0.2,0,0,0,0,0,0,0,0,0.2,0,0,0
OTU499,0,0,0,0,0.2,0,0,0,0,0,0,0,0,0,0,0,0.2
OTU500,0,0,0,0,0,0,0,0,0.2,0,0,0,0,0.2,0,0,0
OTU502,0,0,0,0,0,0,0,0.2,0,0,0,0,0,0,0,0,0.2
OTU505,0,0,0,0,0,0.2,0,0.2,0,0,0,0,0,0,0,0,0
OTU508,0,0,0.2,0,0,0,0,0,0,0,0,0.2,0,0,0,0,0
OTU511,0,0,0,0,0.2,0,0,0,0,0,0,0.2,0,0,0,0,0
OTU514,0,0,0,0.2,0.2,0,0,0,0,0,0,0,0,0,0,0,0
OTU515,0,0,0,0,0,0,0,0,0,0.2,0,0,0,0,0,0.2,0
OTU517,0,0,0,0.2,0,0,0,0,0,0,0,0,0,0,0,0,0.2
OTU518,0.2,0,0,0,0,0,0.2,0,0,0,0,0,0,0,0,0,0
OTU519,0,0,0,0,0,0,0,0,0,0,0,0,0.2,0.2,0,0,0
OTU522,0,0,0,0,0,0,0,0,0.2,0,0,0,0,0.2,0,0,0
OTU526,0,0,0,0,0,0,0,0.2,0,0,0,0.2,0,0,0,0,0
OTU529,0,0,0,0,0,0,0,0,0,0.2,0.2,0,0,0,0,0,0
OTU530,0,0,0,0,0,0,0,0.2,0.2,0,0,0,0,0,0,0,0
OTU533,0,0,0,0,0,0,0.2,0,0,0,0,0,0,0,0.2,0,0
OTU534,0,0,0,0,0.2,0,0,0,0.2,0,0,0,0,0,0,0,0
OTU536,0,0,0,0,0,0,0,0.2,0,0,0,0.2,0,0,0,0,0
OTU537,0,0.2,0,0,0,0,0,0,0,0,0.2,0,0,0,0,0,0
OTU538,0,0,0,0,0,0,0,0.2,0,0,0,0.2,0,0,0,0,0
OTU540,0,0,0,0,0,0,0,0,0,0,0,0.2,0,0,0,0.2,0
OTU544,0,0,0,0,0,0,0,0,0,0,0,0,0,0,0.2,0.2,0
OTU546,0,0,0,0,0,0,0,0,0.2,0,0,0,0,0,0,0,0.2
OTU549,0,0,0,0,0,0,0,0.2,0,0,0,0,0,0,0.2,0,0
OTU553,0,0,0,0.2,0.2,0,0,0,0,0,0,0,0,0,0,0,0
OTU557,0,0,0,0,0,0,0.2,0.2,0,0,0,0,0,0,0,0,0
OTU558,0,0.2,0,0,0.2,0,0,0,0,0,0,0,0,0,0,0,0
OTU563,0,0,0,0,0.2,0,0.2,0,0,0,0,0,0,0,0,0,0
OTU567,0,0,0,0,0,0.2,0,0,0,0,0,0,0,0,0,0,0.2
OTU568,0,0,0,0,0,0,0.2,0.2,0,0,0,0,0,0,0,0,0
OTU573,0,0,0.2,0,0,0,0,0,0,0,0,0,0,0,0,0.2,0
OTU574,0,0,0,0,0.2,0,0,0,0,0,0,0.2,0,0,0,0,0
OTU579,0,0,0,0,0.2,0.2,0,0,0,0,0,0,0,0,0,0,0
OTU581,0,0,0,0,0,0,0.2,0.2,0,0,0,0,0,0,0,0,0
OTU584,0,0.2,0,0,0,0,0,0,0,0,0.2,0,0,0,0,0,0
OTU585,0,0.2,0,0,0,0,0,0,0,0,0,0,0,0.2,0,0,0
OTU590,0,0,0,0,0,0,0,0,0,0,0,0,0,0.2,0.2,0,0
OTU596,0.2,0,0,0,0,0,0,0,0,0,0,0,0,0.2,0,0,0
OTU597,0,0,0.2,0,0,0,0,0,0,0,0,0,0,0.2,0,0,0
OTU598,0,0.2,0,0,0,0,0,0,0,0,0,0,0,0.2,0,0,0
